video_title,index,index_filtered
COMMENT LES ISLAMISTES MANIPULENT LES HONN√äTES GENS,20,1
"""R√âCHAUFFEMENT CLIMATIQUE"" : LA PEUR POUR NOUS FAIRE ACCEPTER LA MIS√àRE (pardon, la ""sobri√©t√©"")",5,4
AFFAIRE MILA - CIEL MON BLASPH√àME !,24,5
√âMEUTES - MAINTENANT IL FAUT R√âPONDRE PAR LA FORCE,11,6
"CHOISIS TON CAMP, CAMARADE !",14,7
LAISSEZ LES ENFANTS TRANQUILLE !,23,8
Mise au point (si vous pensez que les √©lections europ√©ennes servent √† quelque chose),67,10
CE QUI CLOCHE AVEC GRETA THUNBERG,15,11
LE PRINCIPAL PROBL√àME EN FRANCE (SUITE √Ä MON AGRESSION),19,12
"MACRON, MCFLY & CARLITO & ENJOYPHOENIX : LES DESSOUS DE LA PROPAGANDE DES INFLUENCEURS",18,14
CE PAYS PART EN VRILLE,25,15
"MONSIEUR PATY, LES ISLAMISTES ET LA R√âPUBLIQUE",47,16
PASS SANITAIRE - EN MARCHE VERS LE TOTALITARISME ?,30,17
"FAUT-IL RASER NANTERRE ? - M√âTROPOLES, BANLIEUES, FRANCE P√âRIPH√âRIQUE (& MON AFFILIATION POLITIQUE)",37,19
DE QUOI ZEMMOUR EST-IL LE NOM ?,43,20
VACCINS : LE FIASCO (JAMAIS VU DEPUIS 1940),57,22
"LA NATION üá´üá∑ √äTRE FRAN√áAIS, C'EST QUOI ? Culture Pol #2",62,23
ATTAQUE √Ä LA PR√âFECTURE - MENSONGE D'EÃÅTAT ?,40,24
APR√àS CR√âPOL,36,27
ALORS TU TE CROIS LIBRE DE FAIRE CE QUE TU VEUX ?,64,31
GRETA THUNBERG - L'HYSTEÃÅRIE A REMPLACEÃÅ LE DEÃÅBAT,39,32
CAPITOLE - CECI N'EST PAS UN COUP D'√âTAT,44,33
OBONO VS VALEURS ACTUELLES - RACISTE CONTRE RACISTE,58,34
SE CHANGER SOI-M√äME ou CHANGER LE SYST√àME ?,56,35
LE VRAI PROBL√àME DES √âCOLOS,45,36
"PROF BRAQU√âE PAR UN √âL√àVE - √âDUCATION, LE GRAND MALAISE",73,38
ISLAM - LES BASES (comprendre les enjeux),92,40
OK BOOMER - L'analyse ultime,72,41
14 JUILLET - MACRON FAIT SA F√äTE... √Ä LA NATION,88,43
JE DEFIE LA CLASSE POLITIQUE,85,49
"BON, LE GOUVERNEMENT A D√âCID√â DE TRUQUER LES PROCHAINES √âLECTIONS...",59,50
EUROP√âENNES - ANALYSE R√âSULTATS ... ET APR√àS ?,112,53
MES OPINIONS POLITIQUES : JE VOUS DIS TOUT,55,54
LA CRISE POLITIQUE A (ENFIN ?) ATTEINT LES INSTITUTIONS üèõ,70,55
BORDEAUX - UNE AGRESSION COMME IL S'EN PRODUIT DES DIZAINES PAR JOUR EN FRANCE,89,57
CANDIDATE AUX EUROP√âENNES - JE VOUS DIS TOUT,75,58
DISSOLUTION : CETTE V√âRIT√â SUR LA FRANCE QUE MACRON VOUDRAIT FAIRE DISPARA√éTRE...,74,59
JULIE GRAZIANI = CONFORMISME BIEN-PENSANT ?,83,61
üö®ALERTE ! √âPID√âMIE DE CR√âTINISME AU GOUVERNEMENT !üå°,66,62
CE QUI MANQUE √Ä LA FRANCE,128,63
PEUT-ON VIVRE SANS POLITIQUE ? #CulturePol 1,134,67
CONFINEMENT TOTAL MAIS PAS TROP (mais quand m√™me un peu parce que bon),69,68
"CENSURE, AUTOCENSURE, CHANTAGE... POURQUOI LES M√âDIAS SONT PRO-MACRON",96,71
CETTE CHANSON QUI DIVISE L'AM√âRIQUE PARLE AUSSI DE LA FRANCE,97,72
‚òÑÔ∏èLA (TERRIFIANTE) HISTOIRE D'UNE BOURGEOISIE D√âC√âR√âBR√âE ‚òÑÔ∏è,81,74
ReÃÅponse aÃÄ Usul - Gauche & Droite - Les bases... de la politique ?,93,76
R√âPRESSION - QUAND NOS GOUVERNANTS N'ONT PLUS QUE LA FORCE,95,77
BREXIT - LA FIN DE L'UNION EUROP√âENNE ?,94,80
QUAND LES BIG BOSS NOUS D√âVOILENT LE PROJET DE LA CLASSE DIRIGEANTE...,99,82
LA R√âPUBLIQUE üá´üá∑ L'√©pop√©e d'un peuple devenu ma√Ætre de son destin... ou presque.,136,83
LE NUCL√âAIRE EXPLIQU√â √Ä CEUX QUI N'Y COMPRENNENT RIEN - ENTRETIEN AVEC TRISTAN KAMIN,137,84
AnneÃÅes 80 et 90 - Quand Tout allait bien - Garanti 100% MILLENIAL,102,86
A quoi sert le Raptor dissident ?,108,87
"REÃÅVOLTE GEÃÅNEÃÅRALE ? Chili, Liban, Catalogne, Hong Kong, Irak... Le monde s'embrase",127,91
J'interviewe le m√©decin qui a trouv√© la cause du covid long - ENTRETIEN AVEC LE DR PATTERSON,158,92
J'ai testeÃÅ pour vous : le SALON DE L'AGRICULTURE,164,94
"√âPID√âMIE - MINISTRE AUX FRAISES, H√îPITAL AUX ABOIS",103,97
D√âPUT√âS FAIN√âANTS - M√âLENCHON √Ä LA RESCOUSSE !,105,100
GREVE du BAC - HOMMAGE AUX VICTIMES,138,101
PARIGO DELENDA EST ?!,121,102
CETA - L'IMPOSTURE EXPLIQU√âE √Ä CEUX QUI L'ONT VOT√âE (ET AUX AUTRES),107,103
IL EST TEMPS DE R√âHABILITER LE TRAVAIL MANUEL (ET UTILE),114,104
S√âRIE D'UTILIT√â PUBLIQUE - √Ä VOIR ABSOLUMENT,125,105
HELLFEST 2018 ü§ò FIRE AND BLOOD AND ROCK N'ROLL üé∏,141,107
GUERRE EN üá∫üá¶ - LA FIN DE LA MONDIALISATION ? ENTRETIEN AVEC G. KUZMANOVIC,122,109
URGENCE AUX URGENCES ! üå° DEÃÅCRYPTAGE DES ANNONCES DU GOUVERNEMENT üå°,113,110
"NOTRE-DAME, LES MISERABLES ET LES MARCHANDS DU TEMPLE",130,115
7 (BONNES) RAISONS DE SIGNER POUR UN R√âF√âRENDUM SUR ADP,119,117
CARAMBAR EN GR√àVE - LE MARCH√â VA-T-IL TUER LES BLAGUES ? ... (j'ai une solution),124,123
COMMENT VAINCRE DAECH ? Les bases,142,124
SURVIVRE AU BLACK FRIDAY,133,126
JE SUIS MENNEL,132,129
"FOOT - VICTOIRE DES BLEUS, FESTIVAL DE LA REÃÅCUP & JOIE PURE",166,130
LA FRANCE EST-ELLE ANTIS√âMITE ?,146,133
LA BR√àCHE EST OUVERTE üîì #dissolution #europ√©ennes2024,153,134
"DAENERYS FOLLE (√áA TOURNE MAL), JON AÃÄ L'HEURE DU CHOIX - ANALYSE EPISODE 4 GAME OF THRONES",169,135
SUNNISME  - GUERRE INTERNE & ORIGINE DU SALAFISME,175,136
LA STRAT√âGIE MACRON POUR R√âCUP√âRER L'√âCOLOGIE (D√âCRYPTAGE),147,139
Intro - Pourquoi parler d'islam ?,192,142
REFORME DU BAC - MON OPINION D'EX-PROF,145,144
"Le ""BLESS√â DE TOLBIAC"" - FAKE NEWS, COMMENT √áA MARCHE ?",161,145
JE SUIS ORELSAN,151,146
COMMENT SURVIVRE AU CHAOS POLITIQUE ? - CONFERENCE TATIANA VENT√îSE (avril 2019),185,147
Pourquoi les Jeux Olympiques aÃÄ Paris c'est de la merde,171,149
COMBIEN JE GAGNE & AUTRES QUESTIONS - FAQ du Bout du Monde (de France),176,152
AVEC LES GILETS JAUNES  - & LES MEÃÅDIAS - √† ORLY,160,154
VIVRE AVANT LA NUIT - Game of Thrones S8 E02 - DRACARYS DEBRIEF,195,157
"Et toi, tu t'es deÃÅjaÃÄ dopeÃÅ pour aller bosser ?",186,158
‚ö°Ô∏è√âNERGIE ‚ò¢Ô∏è ON REFAIT LA FRANCE AVEC MAXIME AMBLARDüí°,170,159
SUNNITES VS CHIITES,199,160
Sept scandales que Monsanto aimerait qu'on oublie,173,164
Ces gens qui l√¢chent des boulots de merde pour trouver du sens √† ce qu'ils font,194,166
Pourquoi tu sauveras pas la plan√®te en mangeant du tofu (ce que je pense de l'√©cologie),178,172
Requiem pour un Johnny,180,174
HASARD ! Le gars qui a tir√© sur Trump dans une vid√©o de‚Ä¶ BlackRock ?! ü§î,187,175
OpeÃÅration Sentinelle aÃÄ bout - qui deÃÅfend nos deÃÅfenseurs ?,189,178
100 000 ! UN LIVRE ! LA SUITE !,184,180
Hyst√©rie collective autour de Donald Trump - Mise au point,191,185
C'est quoi le 'bl√®me avec Deliveroo ?,208,188
Dracarys - Pourquoi Ned Stark est un imb√©cile ?,196,190
G√©n√©raliste : les prix vont flamber :/,207,191
"M√©dias, moralisation √©colo, ce que j'en pense, & pourquoi ma cha√Æne - #FAQ de l'Avent 3/4",206,192
COMMENT S'UNIR QUAND TOUT POUSSE AÃÄ SE HAIÃàR ? #GOT S8E01 - DRACARYS DEÃÅBRIEF,213,194
Je lance un TIPEEE !,215,196
Un seul mot d‚Äôordre : d√©gager la macronie (nouveau fil d‚Äôactu en ligne),212,200
"ReÃÅponse aux extreÃÅmistes - Seul un Sith raisonne dans l'absolu - Un peu d'amour, que diable !",204,201
"Las Vegas, Daesh & les m√©dias : doit-on s'habituer au terrorisme ?",221,202
Ce que les abattoirs disent de notre soci√©t√©,222,209
GOT Politique - Bonnes et Mauvaises D√©cisions - #DRACARYS,220,211
Le grand mensonge de ce dernier demi-si√®cle : ¬´¬†nous n‚Äôavons pas besoin de production¬†¬ª.,216,215
Fran√ßois Fillon sert-il √† quelque chose ?,223,218
Le Plan Foireux - Game of Thrones 7x05 - Dracarys le D√©brief Politique,227,221
TRAHISON & COLLABORATION - LES DIRIGEANTS ONT SABORD√â LA FRANCE POUR LA FINANCE,226,222
"Pierre-Guillaume Mercadal, l‚Äô√©leveur de cochons laineux qui a v√©cu l‚Äôenfer, raconte son histoire.",239,223
Crise Politique √† Westeros - Dracarys Ep. 2,232,225
"GOT DeÃÅbrief Politique 7X3 - Cersei, la Banque de Fer et les retournements de situation - DRACARYS",234,227
La politique est dynamique - Le Chant du Cygne de Littlefinger ? Game of Thrones S7 Ep. 3-4,236,231
Pourquoi Daenerys est une Gagnante (1/2) - #DRACARYS √©pisode 03,238,235
Ev√©nement 1-2-3 juin et update sur ma cha√Æne,240,236
Daenerys va-t-elle rejoindre le c√¥t√© obscur ? GAME OF THRONES S7E02 Le D√©brief Politique DRACARYS,241,240
